nombre_crudo,nombre_canonico
Artear S.A.,Arte Radiotelevisivo Argentino S.A.
Fox Sport,Fox Sports
Canal 11 Telefe,Telefe
Canal 2 América TV,América TV
FM 101.5 Radio Pop,FM 101.5 Pop Radio
www.facebook.com,Facebook
www.google.com,Google
www.google.com.ar,Google
www.lanacion.com.ar,lanacion.com.ar
fm 89 9 radio con vos,Radio Con Vos
fm 89 90 rcv,Radio Con Vos
fm 89 9 mhz radio con vos,Radio Con Vos
radioconvos,Radio Con Vos
fm radio con vos,Radio Con Vos
auspicio institucional emite fm 89 9 radio con vos,Radio Con Vos
fm 89 9 mhz radio con vos radio,Radio Con Vos
fm 89 9 mhz radio con vos radio caba,Radio Con Vos
radio con vos fm 89 9 mhz,Radio Con Vos
fm 89 9 radio con vos patagonia villa langostura,Radio Con Vos
radio con vos fm89 9,Radio Con Vos
